symbol,en,de,de_confidence,fr,fr_confidence,it,it_confidence,es,es_confidence
ClearBox,0x0EBD,0x0EBD,exact,0x0EBD,exact,0x0EBD,exact,0x0EBD,exact
ClearTilemap,0x0ECF,0x0ECF,exact,0x0ECF,exact,0x0ECF,exact,0x0ECF,exact
ClearScreen,0x0EE2,0x0EE2,exact,0x0EE2,exact,0x0EE2,exact,0x0EE2,exact
Textbox,0x0EEF,0x0EEF,exact,0x0EEF,exact,0x0EEF,exact,0x0EEF,exact
TextboxBorder,0x0EF8,0x0EF8,exact,0x0EF8,exact,0x0EF8,exact,0x0EF8,exact
TextboxPalette,0x0F2B,0x0F2B,exact,0x0F2B,exact,0x0F2B,exact,0x0F2B,exact
SpeechTextbox,0x0F45,0x0F45,exact,0x0F45,exact,0x0F45,exact,0x0F45,exact
GameFreakText,0x0F4F,0x0F4F,exact,0x0F4F,exact,0x0F4F,exact,0x0F4F,exact
RadioTerminator,0x0F59,0x0F59,exact,0x0F59,exact,0x0F59,exact,0x0F59,exact
PrintText,0x0F5E,0x0F5E,exact,0x0F5E,exact,0x0F5E,exact,0x0F5E,exact
PrintTextboxText,0x0F61,0x0F61,exact,0x0F61,exact,0x0F61,exact,0x0F61,exact
SetUpTextbox,0x0F68,0x0F68,exact,0x0F68,exact,0x0F68,exact,0x0F68,exact
PlaceString,0x0F74,0x0F74,exact,0x0F74,exact,0x0F74,exact,0x0F74,exact
PlaceNextChar,0x0F75,0x0F75,exact,0x0F75,exact,0x0F75,exact,0x0F75,exact
DummyChar,0x0F7E,0x0F7E,exact,0x0F7E,exact,0x0F7E,exact,0x0F7E,exact
NextChar,0x0F7F,0x0F7F,exact,0x0F7F,exact,0x0F7F,exact,0x0F7F,exact
CheckDict,0x0F83,0x0F83,exact,0x0F83,exact,0x0F83,exact,0x0F83,exact
PrintMomsName,0x1066,0x1072,exact,0x1068,exact,0x1072,exact,0x1072,exact
PrintPlayerName,0x106D,0x1079,exact,0x106F,exact,0x1079,exact,0x1079,exact
PrintRivalName,0x1074,0x1080,exact,0x1076,exact,0x1080,exact,0x1080,exact
PrintRedsName,0x107B,0x1087,exact,0x107D,exact,0x1087,exact,0x1087,exact
PrintGreensName,0x1082,0x108E,exact,0x1084,exact,0x108E,exact,0x108E,exact
TrainerChar,0x1089,0x1095,exact,0x108B,exact,0x1095,exact,0x1095,exact
TMChar,0x1090,0x109C,exact,0x1092,exact,0x109C,exact,0x109C,exact
PCChar,0x1097,0x10A3,exact,0x1099,exact,0x10A3,exact,0x10A3,exact
RocketChar,0x109E,0x10AA,exact,0x10A0,exact,0x10AA,exact,0x10AA,exact
PlacePOKe,0x10A5,0x10B1,exact,0x10A7,exact,0x10B1,exact,0x10B1,exact
PlaceKougeki,0x10AC,0x10B8,exact,0x10AE,exact,0x10B8,exact,0x10B8,exact
SixDotsChar,0x10B3,0x10BF,exact,0x10B5,exact,0x10BF,exact,0x10BF,exact
PlacePKMN,0x10BA,0x10B1,exact,0x10BC,exact,0x10B8,exact,0x10B1,exact
PlacePOKE,0x10C1,0x10B8,exact,0x10C3,exact,0x10BF,exact,0x10B8,exact
PlaceJPRoute,0x10C8,0x10BF,exact,0x10CA,exact,0x10C6,exact,0x10BF,exact
PlaceWatashi,0x10CF,0x10C6,exact,0x10D1,exact,0x10CD,exact,0x10C6,exact
PlaceKokoWa,0x10D6,0x10CD,exact,0x10D8,exact,0x10D9,exact,0x10CD,exact
PlaceMoveTargetsName,0x10DD,0x10EE,exact,0x10DF,exact,0x10EE,exact,0x10EE,exact
PlaceMoveUsersName,0x10E3,0x10F4,exact,0x10E5,exact,0x10F4,exact,0x10F4,exact
PlaceBattlersName,0x10E5,0x10F6,exact,0x10E7,exact,0x10F6,exact,0x10F6,exact
PlaceEnemysName,0x10FB,0x110C,exact,0x10FD,exact,0x1104,near_prev,0x110C,exact
PlaceCommandCharacter,0x1132,0x1143,exact,0x1131,exact,0x1140,exact,0x1143,exact
TMCharText,0x113B,0x114C,exact,0x113B,exact,0x114A,exact,0x114D,exact
NextLineChar,0x116D,0x1181,exact,0x116E,exact,0x117E,exact,0x1181,exact
LineFeedChar,0x1176,0x118A,exact,0x1177,exact,0x1187,exact,0x118A,exact
LineChar,0x117F,0x1193,exact,0x1180,exact,0x1190,exact,0x1193,exact
Paragraph,0x1187,0x119B,exact,0x1188,exact,0x1198,exact,0x119B,exact
_ContText,0x11B0,0x11C9,exact,0x11B6,exact,0x11C6,exact,0x11C9,exact
_ContTextNoPause,0x11C8,0x11E1,exact,0x11CE,exact,0x11DE,exact,0x11E1,exact
ContText,0x11D6,0x11EF,exact,0x11DC,exact,0x11EC,exact,0x11EF,exact
PlaceDexEnd,0x11E7,0x1200,exact,0x11ED,exact,0x11FD,exact,0x1200,exact
PromptText,0x11EB,0x1204,exact,0x11F1,exact,0x1201,exact,0x1204,exact
DoneText,0x1205,0x121E,exact,0x120B,exact,0x121B,exact,0x121E,exact
NullChar,0x120C,0x1225,exact,0x1212,exact,0x1222,exact,0x1225,exact
TextScroll,0x121D,0x1236,exact,0x1223,exact,0x1233,exact,0x1236,exact
Text_WaitBGMap,0x123A,0x1253,exact,0x1240,exact,0x1250,exact,0x1253,exact
Diacritic,0x124A,0x1263,near_prev,0x1250,near_prev,0x1260,near_prev,0x1263,near_prev
LoadBlinkingCursor,0x1255,0x126E,exact,0x125B,exact,0x126B,exact,0x126E,exact
UnloadBlinkingCursor,0x125B,0x1274,exact,0x1261,exact,0x1271,exact,0x1274,exact
PlaceFarString,0x1261,0x127A,exact,0x1267,exact,0x1277,exact,0x127A,exact
PokeFluteTerminator,0x126D,0x1286,exact,0x1273,exact,0x1283,exact,0x1286,exact
PrintTextboxTextAt,0x1272,0x128B,exact,0x1278,exact,0x1288,exact,0x128B,exact
DoTextUntilTerminator,0x1283,0x129C,exact,0x1289,exact,0x1299,exact,0x129C,exact
TextCommands,0x129D,0x12AC,inferred_same_delta,0x1299,inferred_same_delta,0x12A9,inferred_same_delta,0x12AC,inferred_same_delta
TextCommand_START,0x12CB,0x12DA,exact,0x12C7,exact,0x12D7,exact,0x12DA,exact
TextCommand_RAM,0x12D6,0x12E5,exact,0x12D2,exact,0x12E2,exact,0x12E5,exact
TextCommand_FAR,0x12E2,0x12F1,exact,0x12DE,exact,0x12EE,exact,0x12F1,exact
TextCommand_BCD,0x12FD,0x130C,exact,0x12F9,exact,0x1309,exact,0x130C,exact
TextCommand_MOVE,0x130D,0x131C,exact,0x1309,exact,0x1319,exact,0x131C,exact
TextCommand_BOX,0x1318,0x1327,exact,0x1314,exact,0x1324,exact,0x1327,exact
TextCommand_LOW,0x1328,0x1337,exact,0x1324,exact,0x1334,exact,0x1337,exact
TextCommand_PROMPT_BUTTON,0x132C,0x133B,exact,0x1328,exact,0x1338,exact,0x133B,exact
TextCommand_SCROLL,0x1342,0x1351,exact,0x133E,exact,0x134E,exact,0x1351,exact
TextCommand_START_ASM,0x1351,0x1360,exact,0x134D,exact,0x135D,exact,0x1360,exact
TextCommand_DECIMAL,0x1352,0x1361,exact,0x134E,exact,0x135E,exact,0x1361,exact
TextCommand_PAUSE,0x136D,0x137C,exact,0x1369,exact,0x1379,exact,0x137C,exact
TextCommand_SOUND,0x1380,0x138F,exact,0x137C,exact,0x138C,exact,0x138F,exact
TextCommand_CRY,0x13A2,0x13B1,exact,0x139E,exact,0x13AE,exact,0x13B1,exact
TextSFX,0x13AD,0x13BC,exact,0x13A9,exact,0x13B9,exact,0x13BC,exact
TextCommand_DOTS,0x13C3,0x13D2,exact,0x13BF,exact,0x13CF,exact,0x13D2,exact
TextCommand_WAIT_BUTTON,0x13E2,0x13F1,exact,0x13DE,exact,0x13EE,exact,0x13F1,exact
TextCommand_STRINGBUFFER,0x13EA,0x13F9,exact,0x13E6,exact,0x13F6,exact,0x13F9,exact
TextCommand_DAY,0x1402,0x1411,exact,0x13FE,exact,0x140E,exact,0x1411,exact
WeekdayPointers,0x1422,0x1431,inferred_same_delta,0x141E,inferred_same_delta,0x142E,inferred_same_delta,0x1431,inferred_same_delta
WeekdaySunday,0x1430,0x143F,exact,0x142A,near_prev,0x143C,near_prev,0x143F,near_prev
TextEnd,0x1458,0x147C,exact,0x1461,exact,0x1476,exact,0x1475,exact
